ItemName,ItemPrice
Cookies Chips & Candy Snacks Assortment Bulk Sampler by Variety Fun (Care Package 50 Count),24.99
"Cottonelle Ultra ComfortCare Toilet Paper, Soft Bath Tissue, Septic-Safe, 12 Big Rolls",6.00
"StarKist Chunk Light Tuna in Water, 5 Ounce Cans (Pack of 8)",6.48
Healthy Snacks Care Package (Count 30) - Discover a whole new world of Healthy Snacks,19.99
"Jif Creamy Peanut Butter, 40 Oz",5.44
"Nabisco Cookies Sweet Treats Variety Pack Cookies - with Oreo, Chips Ahoy, & Golden Oreo - 30 Snack Pack",6.32
Planters Nuts Variety Pack 24Count,7.99
"Kellogg’s Rice Krispies Treats Original Marshmallow Bars - Classic Kid School Snack, Value Pack, Single Serve (16 Count)",3.29
"Kellogg's Pop-Tarts Variety Pack - Toaster Pastries for Kids, Frosted Strawberry, Frosted Blueberry, Frosted Cherry (12 Count)",2.85
"Campbell's Condensed Chicken Noodle Soup, 10.75 oz. Can, 4 Count",3.12
"Kraft Original Macaroni & Cheese Dinner (7.25 oz Boxes, Pack of 5)",4.50
"VELVEETA Original Microwavable Shells & Cheese Cups, 8 Count Box | Single Serving Cups with Delicious Velveeta Cheese Sauce | Convenient & Ready in 3.5 Minutes",6.11
"Quaker Instant Oatmeal, Lower Sugar, 4 Flavor Variety Pack, Individual Packets, 48 Count",10.03
"Carnation Breakfast Essentials Ready-to-Drink, Rich Milk Chocolate, 8 Ounce Bottle (Pack of 24) (Packaging May Vary)",19.98
"Pepperidge Farm, Goldfish, Crackers, Classic Mix, 29 oz, Variety Pack, Box, Snack Packs, Pack Of 30",8.18
"Bounty Select-A-Size Paper Towels, White, 6 Double Rolls = 12 Regular Rolls, Prime Pantry (Packaging May Vary)",9.98
"Planters Deluxe Whole Cashews , 1LB 2.25 oz.",9.54
"Melissa & Doug Wooden Fresh Mart Grocery Store - The Original (Freestanding Grocery Stand Kids Toy, Great Gift for Girls & Boys - Best for 3, 4, 5, 6, 7 Year Olds and Up)",169.99
"Nature's Own, Butter Top Bread, 20 oz",2.88
Central Grocery Olive Salad 32 oz,21.39
"KIND Bars, Dark Chocolate Nuts & Sea Salt, Gluten Free, Low Sugar, 1.4 Ounce, 12 Count",14.22
Shopping Bags Reusable Grocery Foldable Totes 6 Pack XLarge 50LBS Ripstop Cute Geometric Fashion Bags with Pouch Bulk Waterproof Machine Washable Eco-Friendly Nylon Black Gray Purple Navy Teal Brown,16.99
"Knock Knock All Out Of Pad Grocery List Note Pad, 6 x 9-inches (Blue)",6.36
"Bananas, One Bunch (min. 5 ct)",1.09
Kraft Natural Shredded Mexican Style Four Cheese (8 oz Bag),2.78
"DOLE Sliced Yellow Cling Peaches in 100% Fruit Juice, 23.5 Ounce Jar",3.59
"Snack Pack Chocolate and Vanilla Pudding Cups Family Pack, 12 Count",2.53
"Welch's Mixed Fruit Snacks, 40 Count (Pack of 1)",6.98
"Quaker Chewy Granola Bars, Variety Pack, 18 Bars",2.97
"Glad Tall Kitchen Drawstring Trash Bags - OdorShield 13 Gallon White Trash Bag, Febreze Fresh Clean - 110 Count",16.37
"Cheez-It Original Cheese Crackers - School Lunch Food, Baked Snack, Family Size (12.4 oz Box)",2.64
"Alexia Sweet Potato Fries with Sea Salt, Non-GMO Ingredients, 15 oz (Frozen)",3.99
"Ready Pac Foods Chicken Caesar Bistro Bowl Salad, 6.25 oz",3.49
"Slim Jim Snack-Sized Smoked Meat Sticks, Original Flavor, Keto Friendly, 0.28 oz. 14-Count",2.98
"Reusable Grocery Bags Set of 5, Grocery Tote Foldable into Attached Pouch, Ripstop Polyester Reusable Shopping Bags, Washable, Durable and Lightweight (Royal,Purple,Pink,Orange,Teal)",11.04
"Sparkling Ice Variety Pack, 17 Fl Oz, 12Count (Black Cherry, Peach Nectarine, Coconut Pineapple, Pink Grapefruit)",9.46
"Kraft Easy Mac Original Flavor Mac & Cheese Dinner (2.05 oz Cups, Pack of 10)",6.14
"Perrier Lime Flavored Carbonated Mineral Water, 8.45 Fl Oz (30 Pack) Slim Cans",14.94
"Folgers Classic Roast Coffee, 38.4 Ounce, Packaging May Vary",5.26
"Oreo Double Stuf Chocolate Sandwich Cookies, 15.35 Ounce",2.89
Poop Like A Champion Highest fiber content per 30g than any other cereal on the market 100% of daily fiber in 1.6 servings - CLEAN LABEL PRODUCT! NO Wheat - Keto friendly - Low Carb -100% Gluten FREE,11.99
"Reusable Grocery Shopping Bags Foldable with Pouch, Heavy Duty Nylon Cloth Reusable Bags for Groceries, Shopping Trip (Dolphin+Flamingo+Bear, 6-pcs)",13.99
Reusable Grocery Bags Set Shopping Box with Reinforced Bottom Heavy Duty Premium Collapsible Foldable with Long Handles Storage Boxes Eco Friendly Bins Cubes (Set of 3) (Black/Grey/Navy),23.97
"BAGGU Standard Reusable Shopping Bag, Ripstop Nylon Grocery Tote or Lunch Bag, Leopard",12.00
"EasyEarth Reusable Grocery Bags EcoFlex [5 Pack] - Large Shopping Bag - Heavy Duty, Durable, Foldable, Washable, and Reusable Bags - Eco Friendly Tote",14.99
